head_width,head_length,eye_length,femur_length,svl,interorbital,internarial,family
4.46,5.66,1.37,6.97,16.53,2.03,0.88,True Toads
4.07,5.25,1.69,7.5,17.31,2.38,0.73,True Toads
4.81,5.71,1.46,7.31,18.64,2.22,0.95,True Toads
4.57,5.15,1.6,7.52,17.62,2.23,0.71,True Toads
4.61,5.57,1.32,7.32,15.7,2.06,0.97,True Toads
24.56,20.66,5.91,26.8,71.75,8.7,2.38,True Toads
24.33,21.87,5.64,30.39,67.1,9.47,2.27,True Toads
22.43,18.69,7.22,30.4,61.89,9.97,3.42,True Toads
20.32,17.59,6.02,26.94,62.31,9.07,3.34,True Toads
25.43,19.74,7.41,29.49,79.65,9.9,2.68,True Toads
24.18,19.44,7.17,25.18,65.47,8.42,2.69,True Toads
26.33,21.16,8.04,30.27,78.47,10.76,3.07,True Toads
25.16,20.92,7.33,29.06,74.56,9.92,2.94,True Toads
22.78,18.27,5.97,25.74,70.71,8.29,2.54,True Toads
28.31,21.87,6.12,29.44,72.57,9.38,1.94,True Toads
18.16,17.34,4.41,21.92,54.22,6.62,2.15,True Toads
18.41,16.92,4.59,22.65,57.56,6.94,2.25,True Toads
18.8,18.86,4.85,24.48,60.32,7.62,2.92,True Toads
20.46,19.22,4.9,25.79,58.31,8.59,2.71,True Toads
19.74,18.02,5.09,24.18,60.07,7.6,2.17,True Toads
19.48,17.56,5.05,26.26,55.87,8,2.31,True Toads
20.45,18.55,5.09,31.27,71.73,9.69,2.54,True Toads
22.58,20.68,5.46,31.01,67.32,9.24,2.24,True Toads
12.14,11.86,3.46,11.9,40.55,5.85,1.55,True Toads
11.89,12.48,3.56,14.85,38.46,5.82,1.79,True Toads
37.96,32.21,7.94,42.78,100.89,12.7,3.98,True Toads
22.51,18.36,3.53,24.51,58.6,7.14,2.53,True Toads
20.8,19.78,4.98,21.12,58.86,7.41,1.83,True Toads
27.72,23.19,6.55,35.35,66.17,9.22,3.65,True Toads
29.25,24.15,5.92,35.68,74.48,10.48,2.95,True Toads
40.3,30.9,9.67,42.14,107.95,16.15,5.55,True Toads
39.2,30.08,9.05,45.19,102.88,14.34,5.3,True Toads
23.98,20.62,4.1,24.21,60.36,7.5,2.29,True Toads
24.48,21.76,5.41,25.28,69.12,8.94,2.62,True Toads
25.27,21.07,5.86,29.1,70.88,8.21,2.66,True Toads
23.07,19.84,4.79,24.39,63.85,7.66,2.17,True Toads
23.38,20.47,5.13,27.79,60.38,8.55,1.99,True Toads
32.33,26.47,8.36,34.35,92.32,10.66,3.51,True Toads
25.4,23.74,5.71,30.29,66.09,9.11,2.55,True Toads
21.26,21.39,4.96,26.81,58.55,7.24,1.97,True Toads
21.27,20.53,4.52,24.69,56.24,7.03,1.65,True Toads
37.72,31.24,8.53,34.68,111.69,17.17,5.15,True Toads
17.32,17.42,4.51,18.78,59.25,5.24,1.56,True Toads
17.46,15.81,4.69,16.63,54.55,4.67,1.47,True Toads
17.29,15.92,4.52,18.17,50.45,5.69,1.39,True Toads
18.26,16.62,4.59,20.48,54.16,4.61,1.23,True Toads
18.75,16.35,5.13,20.53,54.36,5.9,1.51,True Toads
32.43,27.34,8.61,37.5,87.13,10.66,3.69,True Toads
26.71,22.47,7.13,27.11,69.14,9.68,2.81,True Toads
24.59,20.49,6.58,30.14,62.52,8.85,2.31,True Toads
29.26,22.05,6.97,30.78,70.47,9.38,2.38,True Toads
21.72,18.33,5.11,23.25,58.83,7.98,1.84,True Toads
14.87,11.22,4.74,15.82,44.57,7.4,2.27,True Toads
14.07,11.31,4.08,16.86,45.76,8.01,1.91,True Toads
14.45,10.99,3.61,15.19,40.07,6.89,2.01,True Toads
12.29,9.81,3.82,13.85,37.03,6.31,1.85,True Toads
14.22,10.93,3.69,13.61,41.28,6.88,1.79,True Toads
16.29,16.26,4.96,17.25,49.59,6.91,3.02,True Toads
19.29,15.49,4.91,18.95,57.38,6.93,3.11,True Toads
18.21,15.45,5.51,14.95,55.89,6.26,3.08,True Toads
19.04,16.78,5.71,18.44,60.51,6.81,3.31,True Toads
16.92,15.66,5.65,17.78,50.02,6.57,3.61,True Toads
27.21,21.84,7.86,32.76,71.94,9.29,2.94,True Toads
19.16,15.41,4.57,18.19,49.15,5.66,2.35,True Toads
18.68,16.06,4.47,22.58,52.74,5.85,1.81,True Toads
21.99,20.61,6.45,20.74,60.97,8.44,2.2,True Toads
17.75,16.06,5.54,19.04,46.82,7.01,2,True Toads
29.73,24.8,8.63,36.22,76.92,10.36,2.15,True Toads
30.22,24,7.63,33.41,76.76,8.93,2.84,True Toads
28.41,21.61,7.34,35.87,71.22,8.7,2.77,True Toads
23.04,20.35,5.9,31.75,63.99,7.99,1.93,True Toads
21.53,19.81,5.49,28.57,59.11,8.19,2.09,True Toads
16.32,12.95,3.42,18.43,43.37,7.44,1.45,True Toads
17.43,12.53,4.16,16.29,45.63,6.85,1.49,True Toads
20.2,14.26,4.14,15.39,48.09,7.99,2,True Toads
20.63,15.27,3.59,17.51,55.31,8.8,2.42,True Toads
17.11,13.64,3.31,14.37,46.12,7.87,1.62,True Toads
7.29,5.86,1.88,8.95,21.72,2.84,0.73,True Toads
7.18,5.88,1.75,8.14,21.4,2.93,1,True Toads
7.12,5.57,1.58,7.58,21.11,2.95,0.99,True Toads
7.21,6.67,1.89,8.64,21.94,2.94,1.03,True Toads
7.04,4.86,1.86,7.86,21.73,3.05,0.65,True Toads
14.55,10.49,3.56,15.92,42.52,6.49,1.67,True Toads
14.52,11.36,2.95,15.39,41.72,7.56,1.42,True Toads
14.73,11.93,2.93,15.71,45.06,7.21,1.54,True Toads
14.76,12.14,3.26,15.99,47.17,7.22,1.87,True Toads
14.76,11.2,3.35,18.74,48.12,7.47,1.64,True Toads
22.19,20.05,5.81,23.95,63.51,10.85,2.83,True Toads
20.58,17.64,6.07,20.61,55.61,9,2.11,True Toads
21.1,17.18,5.92,20.24,60.11,8.31,2.53,True Toads
24.08,19.8,5.28,26.31,70.81,9.06,2.44,True Toads
20.19,20.14,5.45,23.56,58.96,8.3,2.24,True Toads
18.35,19.52,4.26,19.6,59.5,6.41,1.08,True Toads
19.37,19.04,5.06,18.97,51.84,7.29,1.72,True Toads
17.75,19.98,4.43,19.71,55.54,6.72,1.8,True Toads
18.11,16.48,5.07,21.91,52.49,6.71,1.64,True Toads
17.9,19.76,4.64,19.65,53.03,6.18,1.38,True Toads
31.61,28.76,7.4,42.79,87.43,11.44,3.77,True Toads
24.8,23.23,5.36,31.62,73.47,9.63,2.98,True Toads
24.88,24.37,5.29,33.79,70.58,9.46,2.73,True Toads
22.4,21.76,5.76,32.21,66.3,8.1,2.45,True Toads
24.94,23.26,5.57,32.68,69.7,8.97,2.66,True Toads
37.69,31.57,8.57,40.48,102.48,17.67,6.88,True Toads
39.37,32.39,10.48,40.99,96.56,15.79,6,True Toads
12.54,13.2,4.57,24.21,43.63,7.5,3.81,True Toads
11,11.61,3.66,19.88,37.02,6.28,2.66,True Toads
8.19,9.62,3.42,13.77,30.59,5.17,2.65,True Toads
7.85,9.53,2.59,14.81,28.91,5.12,3.14,True Toads
10.85,11.47,3.68,15.59,42.08,6.21,3.72,True Toads
10.57,10.99,3.33,15.89,40.81,6.02,3.95,True Toads
10.11,10.58,3.79,15.72,37.32,5.74,3.58,True Toads
10.17,11.37,4.29,14.4,38.86,6.3,3.6,True Toads
10.2,11.71,3.79,15.62,36.61,6.42,3.78,True Toads
12.47,12.75,3.59,18.06,44.31,7.02,3.88,True Toads
11.04,10.87,4.07,13.45,40.56,6.21,2.97,True Toads
10.17,9.46,3.83,10.95,30.74,5.19,3.09,True Toads
10.95,10.59,3.71,15.83,34.91,5.49,3.2,True Toads
11.59,10.74,3.66,12.22,38.45,6.27,2.98,True Toads
8.2,12.07,4.01,19.51,37.54,5.69,3.07,True Toads
8.43,10.78,3.99,14.7,34.18,6.14,3.02,True Toads
7.66,10.09,3.38,13.9,31.69,5.17,2.82,True Toads
8.1,10.35,3.21,15.92,32.75,5.36,2.37,True Toads
8.01,8.84,3.48,10.15,27.81,5.29,2.8,True Toads
9.52,10.86,3.38,14.05,38.07,5.87,3.05,True Toads
8.46,9.17,3.72,10.8,28.33,5.74,2.98,True Toads
9.07,10.56,2.99,16.46,33.89,5.38,3.05,True Toads
9.07,10.38,3.3,12.22,33.79,5.43,3.47,True Toads
8.83,9.35,3.52,13.57,28.79,5.33,2.61,True Toads
8.46,8.31,3.22,11.81,26.68,5.38,2.18,True Toads
8.18,8.62,3.26,12.62,27.69,4.66,2.41,True Toads
7.89,7.89,2.62,12.28,25.82,5.03,2,True Toads
8.26,8.72,2.89,12.39,27.33,5.08,2.36,True Toads
8.04,9.3,2.91,12.58,28.69,5.59,3.11,True Toads
6.7,8.15,3.02,11.5,26.71,5.55,2.18,True Toads
6.54,7.81,2.73,12.05,27.24,4.88,2.38,True Toads
10.63,11.35,3.05,15.83,40.97,7.04,3.36,True Toads
11.58,13.07,3.61,19.39,45.53,7.81,3.85,True Toads
11.35,11.9,3.37,17.57,43.58,6.39,3.53,True Toads
10.61,12.14,3.74,16.25,42.33,7.1,3.62,True Toads
10.55,11.93,3,15.03,41.68,6.53,3.02,True Toads
13.94,15.11,4.96,22.78,52.66,9.55,3.75,True Toads
11.99,13.07,4.17,19.04,46.33,8.5,3.71,True Toads
14.06,15.46,4.43,25.73,52.96,9.34,4.54,True Toads
11.1,12.36,5.43,21.12,41.59,7.32,3.62,True Toads
11.33,12.36,4.15,17.26,38.46,7.96,3.26,True Toads
23.86,21.39,5.69,29.34,64.09,9.29,2.08,True Toads
24.29,21.33,5.31,24.36,63.73,9.98,2.42,True Toads
23.43,22.72,5.06,30.55,64.09,9.47,2.3,True Toads
18.3,18.48,5.16,23.43,60.63,7.65,2.29,True Toads
24.39,21.89,5.09,27.58,63.01,9.42,2.28,True Toads
29.7,25.94,5.86,33.54,86.61,9.33,2.95,True Toads
33.04,28.41,8.05,40.88,92.81,11.55,4.58,True Toads
32.04,26.81,7.24,38.21,93.28,11.03,4.11,True Toads
30.38,27.06,7.82,41.91,89.08,10.73,3.4,True Toads
24.16,20.34,6.09,31.43,66.7,6.97,2.34,True Toads
24.48,21.08,5.08,22,61.87,8.37,2.44,True Toads
25.85,22.79,5.75,31.41,70.74,10.61,2.71,True Toads
26.24,22.47,5.41,30.73,64.31,9.35,2.59,True Toads
22.84,20.51,6.33,27.83,63.2,9.28,3,True Toads
17.82,16.98,4.39,23.4,57.16,6.93,1.99,True Toads
18.52,19.06,5.62,22.54,58.63,7.27,2.09,True Toads
18.46,18.36,5.94,22.99,57.91,7.13,1.87,True Toads
18.99,18.91,5.33,23.25,57.04,8.06,2.2,True Toads
62.71,50.14,12.25,61.42,152.96,27.81,10.21,True Toads
5.56,6.75,1.67,6.59,22.87,3.46,0.98,True Toads
5.21,5.9,1.63,6.07,18.76,3.04,1.07,True Toads
5.44,7.26,1.49,7.48,18.95,3.55,0.95,True Toads
4.13,5.4,1.43,5.88,15.61,2.69,0.97,True Toads
4.83,5.63,1.68,6.86,17.22,2.36,0.93,True Toads
23.31,21.4,7.05,24.95,66.14,9.45,2.91,True Toads
21.73,20.9,6.25,27.54,63.93,8.23,2.41,True Toads
21.27,22.08,6.19,25.47,65.24,8.39,2.9,True Toads
21.91,21.02,5.79,26.41,62.57,8.86,2.83,True Toads
22.19,22.13,5.86,28.23,65.28,9.13,2.92,True Toads
31.3,25.53,6.22,30.73,79.84,12.62,4.41,True Toads
37.18,31.29,7.56,31.38,86.87,13.63,5.51,True Toads
39.1,31.05,7.29,34.61,102.93,15.59,5.54,True Toads
30.51,26.5,6.39,24.91,77.4,12.02,3.16,True Toads
30.16,29.01,6.62,31.04,79.75,12.19,4.02,True Toads
27.71,27.82,7.21,32.89,75.3,11.66,2.69,True Toads
21.32,22.67,6.38,28.62,65.21,9.14,1.99,True Toads
17.14,18.76,5.26,23.42,50.25,7.49,1.64,True Toads
23.37,21.97,5.07,31.72,60.54,7.96,2.4,True Toads
27.5,24.39,5.53,37.32,69.86,8.56,2.27,True Toads
24.05,21.9,5.47,28.97,66.61,7.88,2.49,True Toads
27.36,22.97,5.75,30.84,69.77,8.81,2.87,True Toads
25.53,21.28,5.25,30.74,68.46,8.4,2.21,True Toads
17.13,17.94,5.97,21.83,46.51,6.89,1.97,True Toads
17.24,17.91,5.61,20.09,50.14,7.53,2.19,True Toads
19.51,20.95,6.8,18.28,54.89,8.04,2.16,True Toads
17.15,18.72,6.21,16.5,49.55,7.6,1.72,True Toads
21.32,23.06,6.97,26.52,61.2,9.18,2.96,True Toads
13.46,12.27,4.64,14.04,42.79,7.04,3.42,True Toads
16.25,14.03,5.89,19.62,45.87,6.83,2.89,True Toads
14.02,14.09,5.62,18.25,44.78,6.77,2.6,True Toads
17.04,16.62,6.49,17.73,52.51,7.18,2.5,True Toads
15.43,13.6,5.63,19.09,44.13,7,2.26,True Toads
21.39,22.86,5.76,22.64,56.81,8.58,1.89,True Toads
18.75,19.71,5.48,21.08,54.72,8.35,1.82,True Toads
28.25,30.35,7.87,29.77,81.48,11.99,3.5,True Toads
22.21,22.76,6.04,23.34,60.14,8.11,1.99,True Toads
24.95,22.69,5.22,21.63,66.17,8.31,2.22,True Toads
24.48,20.46,4.71,20.68,67.67,9,2.24,True Toads
24.92,21.9,6.52,23.08,68.28,8.26,2.23,True Toads
26.97,22.82,6.05,25.65,73.4,10.69,2.58,True Toads
25.96,23.22,6.02,22.67,70.45,9.96,2.31,True Toads
19.5,14.65,5.25,18.07,51.41,8.35,2.04,True Toads
23.67,19.05,6.73,23.41,60.12,9.89,3.22,True Toads
18.57,15.16,5.61,17.75,50.63,8.61,1.92,True Toads
18.05,16.11,5.22,18.2,49.64,8.77,2.57,True Toads
20.28,17.76,5.85,20.91,57.75,8.33,1.91,True Toads
30.2,26.08,7.7,22.45,78.75,10.97,3.4,True Toads
30.11,25.94,7.04,23.51,77.08,10.02,3.22,True Toads
29.83,25.27,6.47,26.57,80.61,10.08,3.39,True Toads
30.66,26.1,7.34,27.14,83.78,10.76,3.19,True Toads
30.52,27.1,6.97,26.1,80.25,11.35,3.01,True Toads
29.33,25.04,9.78,27.93,88.39,10.51,2.83,True Toads
29.09,28.01,7.89,27.17,87.09,12.03,3.02,True Toads
28.82,27.71,8.16,34.18,87.72,11.45,2.45,True Toads
29.47,27.37,7.86,22.98,88.6,11.9,2.77,True Toads
29.39,26.35,7.99,30.01,87.91,11.2,2.97,True Toads
24.47,25.48,7.12,27.73,66.67,9.66,2.06,True Toads
20.94,20.38,5.95,24.75,59.36,7.65,2.25,True Toads
20.83,20.92,6.19,24.44,59.11,7.92,2.19,True Toads
19.94,19.48,6.05,25.5,59.24,8.15,2,True Toads
24.01,22.19,6.9,22.83,66.73,8.38,2.11,True Toads
21.52,21.19,6.4,20.68,67.1,8.08,2.14,True Toads
20.62,19.96,6.56,20.8,64.84,7.64,2.19,True Toads
20.88,20.51,6.31,20.51,66.22,7.8,2.52,True Toads
22.72,22.76,6.87,21.41,65.68,9.25,2.6,True Toads
27.09,22.02,7.37,26.28,73.77,8.95,2.32,True Toads
25.27,21.59,7.28,19.31,69.04,8.8,2.16,True Toads
25.39,21.32,6.41,22.16,67.5,9.22,2.1,True Toads
25.09,23.81,6.34,26.39,70.89,8.78,2.15,True Toads
26.24,23.7,6.36,27,76.53,8.77,2.51,True Toads
22.47,22.64,5.77,26.03,64.74,8.72,2.1,True Toads
26.22,24.87,6.73,32.43,77.87,9.57,2.48,True Toads
28.68,26.57,7.08,29.68,85,11.25,2.84,True Toads
27.51,26.07,6.54,28.87,75.16,9.8,2.56,True Toads
26.44,24.84,6.48,29.56,79.02,11.03,3.23,True Toads
18.42,16.15,4.36,20.78,63.65,8.02,1.88,True Toads
17.71,16.52,4.44,21.11,59.06,8.08,2.13,True Toads
17.46,16.13,4.14,17.58,57.75,7.39,2.49,True Toads
16.64,14.81,4.59,16.28,50.3,6.77,1.92,True Toads
17.69,14.75,4.86,19.89,57.9,7.26,2.2,True Toads
18.74,17.97,3.96,19.91,58.79,7.78,2.41,True Toads
20.77,18.03,4.36,21.45,58.53,8.1,2.32,True Toads
19.2,17.7,3.94,19.81,59.31,7.77,2.09,True Toads
18.06,16.18,3.91,17.92,53.97,7.95,1.98,True Toads
18.24,16.43,4,18.18,54.13,8.01,1.98,True Toads
15.94,16.27,4,13.32,39.22,6.99,1.81,True Toads
15.47,16.18,4.14,18.86,40.74,6.24,1.75,True Toads
17.92,17.84,4.55,16.95,46.93,7.44,1.38,True Toads
16.1,15.98,3.54,18.95,38.15,6.69,1.41,True Toads
22.73,22.93,5.3,25.47,66.64,8.74,2.1,True Toads
25.79,24.58,5.26,27.21,65.41,9.52,1.77,True Toads
26.49,25.7,6.5,28.22,75.75,9.87,1.88,True Toads
28.02,26.02,6.52,32.49,77.81,10.53,2.39,True Toads
23.47,22.28,5.34,29.61,65.2,8.84,1.95,True Toads
13,11.73,3.27,20.53,40.73,5.74,2.77,True Toads
12.97,10.85,4.18,17.62,42.68,5.91,2.41,True Toads
14.78,14.09,5.24,17.93,48.82,7.15,3.43,True Toads
13.82,11.98,5.1,17.03,43.54,6.12,2.2,True Toads
12.23,12.05,4.97,17.87,42.57,6.11,2.33,True Toads
6.99,7.98,2.36,13.8,24.75,3.41,1.29,True Toads
6.6,8.75,2.06,9.65,23.19,3.85,1.05,True Toads
6.02,7.15,2.5,9.91,22.72,2.71,1.2,True Toads
6.3,7.09,2.24,9.53,21.92,2.66,1.02,True Toads
7.31,6.64,1.99,9.07,25.24,3.93,1.17,True Toads
8.05,6.68,2.12,9.02,28.75,4.26,1.12,True Toads
7.02,6.08,1.67,8.55,24.23,4.03,1.02,True Toads
7.63,6.69,2.09,8.5,26.8,4.31,1.04,True Toads
7.93,7.29,2.25,8.53,30.53,4.95,1.25,True Toads
5.5,5.91,2.24,6.88,19.85,3.46,0.89,True Toads
5.32,5.72,2.17,6.81,17.27,3.16,1.27,True Toads
5.26,5.69,2.16,6.65,17.17,2.89,1.22,True Toads
10.86,9.78,2.87,10.41,36.97,3.8,1.22,True Toads
10.02,10.52,2.89,11.8,35.21,3.6,1.36,True Toads
8.29,9.62,2.35,12.27,30.06,3.57,1.05,True Toads
8.53,9.02,2.66,11.86,26.1,3.06,1.38,True Toads
7.72,9.13,2.55,10.24,28.82,4.04,1.57,True Toads
17.99,19.48,4.58,24.54,50.56,8.05,2.82,True Toads
13.11,12.57,3.54,13.12,35.29,5.87,2.06,True Toads
11.09,13.24,3.73,14.54,35.23,5.3,1.99,True Toads
11.32,12.86,3.92,15.82,36.65,5.59,1.78,True Toads
13.87,14.51,3.79,17.34,36.04,6.28,2.02,True Toads
21.87,18.49,5,16.69,65.48,10.29,2.07,True Toads
24.66,21.46,5.46,23.71,76.21,11.33,2.98,True Toads
32.56,30.79,7.6,29.9,90.57,16.38,3.7,True Toads
35.72,31.66,9.66,41.58,97.6,17.5,5.51,True Toads
32.86,29.36,7.85,26.75,94.67,14.62,3.65,True Toads
51.43,38.86,13.16,40.45,131.9,24.05,7.28,True Toads
50.83,38.9,14.06,45.51,127.15,23.69,7.07,True Toads
49.22,39.2,11.97,45.21,125.45,23.26,6.86,True Toads
11.28,10.58,2.95,14.03,39.95,5.2,1.14,True Toads
10.57,11.04,3.28,12.69,34.17,4.82,0.82,True Toads
14.88,15.49,4.81,15.31,43.46,7.57,2.89,True Toads
17.56,15.8,5.99,15.11,50.43,9.61,3.58,True Toads
15.28,16.8,5.18,16.67,49.28,8.85,2.99,True Toads
20.35,18.61,6.39,16.82,56.71,10.1,4.19,True Toads
30.96,28.41,8.13,33.83,85.2,15.99,6.04,True Toads
63.4,55.92,14.98,64.72,165.52,32.5,13.96,True Toads
64.41,53.86,16.09,70.08,166.3,32.44,14.07,True Toads
63.68,55.04,15.98,68.17,168.9,32.04,12.04,True Toads
23.4,23.55,8.59,32.69,66.55,12.42,3.79,True Toads
19.87,19.2,6.38,24.94,64.17,11.01,2.99,True Toads
19.93,20.39,7.46,25.68,64.77,11,3.84,True Toads
19.32,21.18,6.27,23.77,61.17,10.78,3.46,True Toads
16.39,18.42,5.78,20.33,55.87,8.94,2.64,True Toads
57.75,49.87,13.35,65.58,175.35,31.58,13.33,True Toads
53.37,47.02,13.46,60.47,141.94,26.46,11.9,True Toads
17.44,18.32,5.47,29.26,57.87,9.08,2.55,True Toads
16.16,16.86,5.74,22.7,52.44,7.98,2.77,True Toads
21.24,19.24,5.93,19.84,60.57,9.85,2.04,True Toads
21.67,21.01,6.31,30.99,69.09,9.95,3.11,True Toads
19.93,20.24,5.98,29.23,60.58,9.39,3.17,True Toads
32.71,27.52,7.28,41.47,87.41,11.62,3.69,True Toads
25.35,24.41,6.1,28.95,63.09,9.15,2.32,True Toads
24.26,21.88,6.33,29.62,59.62,8.53,2.84,True Toads
22.43,20.8,6.12,24.34,60.09,8.68,2.94,True Toads
26.32,23.78,6.8,31.48,68.21,10.67,2.47,True Toads
21.47,15.6,8.54,23.29,65.51,7.81,2.01,True Toads
19.91,15.29,7.56,23.35,60.56,6.81,1.73,True Toads
22.8,17.46,8.53,25.62,70.04,9.36,1.98,True Toads
21.11,15.04,8.06,24.34,60.2,7.86,1.96,True Toads
28.46,24.5,7.38,26.14,59.15,10.45,3.08,True Toads
31.25,26.88,7.39,28.82,74.54,11.68,3.62,True Toads
29.37,24.87,7.51,24.45,66.85,10.4,3.79,True Toads
30.85,27.46,7.09,29.73,76.6,11.3,3.6,True Toads
28.48,25.15,6.57,23.12,70.06,10.75,3.62,True Toads
56.12,42.56,13.44,50.14,136.6,22.95,8.49,True Toads
52.72,41.78,12.44,58.91,140.98,20.04,8.87,True Toads
47.55,37.12,11.91,48.46,125.92,19.36,6.83,True Toads
36.65,31.89,9.31,29.41,100.19,14.73,4.92,True Toads
33.87,29.56,9.86,26.74,92.02,12.32,4.95,True Toads
31.66,29.07,8.25,31.3,88.07,11.72,4.18,True Toads
31.76,28.73,9.08,27.05,88.98,12.21,4.53,True Toads
30.7,27.11,8.94,28.58,85.43,11.85,4.03,True Toads
59.2,46.37,16.32,59.43,176.38,27.44,9.63,True Toads
67.53,52.1,16.06,65.93,168.35,26.68,11.02,True Toads
75.15,56.45,14.1,72.56,193.37,27.64,10.75,True Toads
16.4,14.17,3.83,18.16,47.14,7.51,1.32,True Toads
13.76,13.48,3.92,16.25,43.7,6.46,1.35,True Toads
14.7,12.92,3.67,17.23,42.97,6.46,1.46,True Toads
24.73,23.52,6.37,22.84,67.64,10.76,2.64,True Toads
25.66,26.73,6.76,25.73,79.65,11.26,2.98,True Toads
25.65,25.9,6.72,30.12,69.04,11.46,3.01,True Toads
31.76,28.97,7.64,38.42,94.61,14.38,4.73,True Toads
27.37,25.83,6.56,28.95,80.42,12.62,3.3,True Toads
19.8,19.31,5.34,24.35,62.54,8.5,2.39,True Toads
16.29,14.52,4.5,13,47.01,6.47,1.82,True Toads
20.35,17.3,4.56,25.71,60.2,7.18,2.04,True Toads
18.03,17.93,5.46,20.55,58.42,7.32,2.04,True Toads
16.12,14.2,4.75,15.48,45.93,7.02,1.73,True Toads
15.25,15.91,3.81,22.74,53.15,7.84,2.94,True Toads
17.03,16.57,4.38,21.59,49.13,8.03,2.9,True Toads
20.66,19.64,4.52,29.51,64.34,9.01,3.76,True Toads
19.42,20.28,5.84,26.51,73.64,9.62,2.27,True Toads
19.91,18.77,5.88,27.08,69.18,9.31,2.01,True Toads
17.75,18.94,6.19,26.2,71.21,8.83,2.41,True Toads
17.22,14.23,5.26,18.01,52.73,7.12,2.46,True Toads
20.97,17.38,6.09,25.89,59.48,9.03,3.18,True Toads
5.28,9.04,2.71,12.52,25.72,3.61,2.36,Tree Frogs
5.53,8.49,2.58,11.34,24.63,3.21,1.55,Tree Frogs
5.55,8.54,2.25,10.87,23.83,3.39,1.76,Tree Frogs
5.48,8.29,2.59,8.58,23.01,2.81,2.22,Tree Frogs
6.84,8.55,2.58,12.27,26.83,4.3,2.61,Tree Frogs
5.13,9.51,2.51,13.48,23,3.51,2.09,Tree Frogs
5.59,10.11,2.75,13.35,23.06,3.43,1.76,Tree Frogs
6.31,9.31,2.56,12.55,24.44,4.02,2.13,Tree Frogs
5.7,8.21,2.41,11.71,23.36,3.5,2.21,Tree Frogs
6.16,8.74,2.42,10.4,22.68,3.99,2.46,Tree Frogs
20.05,23.8,7.73,32.85,64.68,12.38,3.81,Tree Frogs
19.8,22.75,6.95,30.43,65.07,11.49,4.21,Tree Frogs
19.94,27.75,6.03,27.95,67.21,12.08,4.66,Tree Frogs
19.42,26.39,6.91,26.92,61.56,11.22,3.92,Tree Frogs
20.75,27,7.83,26.33,63.53,11.19,4.41,Tree Frogs
21.39,26.23,8.14,28.61,76.75,14.39,3.59,Tree Frogs
20.79,25.6,7.85,26.43,74.37,14.52,3.52,Tree Frogs
20.55,24.64,7.7,23.76,77.15,13.46,3.87,Tree Frogs
20.22,27.19,7.75,29.79,73.92,14.41,3.3,Tree Frogs
13.86,14.4,3.49,20.7,43.28,7.98,2.21,Tree Frogs
12.53,13.51,3.75,17.74,35.55,6.7,2.35,Tree Frogs
12.05,13.94,3.33,17.77,36.87,6.91,2.25,Tree Frogs
22.71,23.68,6.81,33.75,65.74,10.53,3.66,Tree Frogs
9.84,9.38,3.11,11.74,27.7,5.74,1.96,Tree Frogs
12.11,12.15,3.44,15.67,30.46,6.71,1.63,Tree Frogs
10.9,11.77,3.66,15.81,32.16,6.53,1.9,Tree Frogs
20.01,20.26,6.2,27.24,60.1,11.19,4.33,Tree Frogs
18.88,19.7,6.31,25.16,57.56,11.36,4.57,Tree Frogs
18.62,19.04,6.08,24.93,59.62,10.86,5,Tree Frogs
18.32,19.41,6.86,25.1,59.1,11.23,5.39,Tree Frogs
19.44,19.8,7.45,25.2,59.42,10.93,5.54,Tree Frogs
19.5,20.75,5.74,28.38,57.86,12,5.28,Tree Frogs
20.79,21.25,5.86,30.81,66.07,11.88,4.8,Tree Frogs
13.55,18.04,4.96,18.5,47.62,9.13,3.02,Tree Frogs
16.82,20.77,5.02,20.76,55.29,10.31,3.26,Tree Frogs
18.41,19.48,5.37,22.86,55.76,11.21,4.09,Tree Frogs
18.92,23.68,6.07,22.53,56.14,11.04,4.36,Tree Frogs
9.32,9.11,3.91,14.94,27.47,5.39,2.72,Tree Frogs
8.12,7.99,2.99,11.1,23.32,5.56,2.08,Tree Frogs
7.57,7.86,3.04,10.34,22.75,5.02,1.83,Tree Frogs
7.51,7.43,2.77,10.14,23.69,4.84,1.89,Tree Frogs
7.89,7.98,2.77,11.18,24.69,4.64,2.02,Tree Frogs
7.81,8.16,2.94,11.18,23.83,4.86,2.27,Tree Frogs
7.33,8.17,2.88,9.29,22.33,4.56,2.38,Tree Frogs
6.39,6.82,2.66,10.34,19.28,4.43,1.73,Tree Frogs
6.63,6.47,2.83,9.5,19.62,4.55,1.97,Tree Frogs
9.33,10.58,2.89,14.39,31.68,5.68,2.05,Tree Frogs
8.92,9.46,2.9,14.68,32.33,5.41,1.62,Tree Frogs
9.1,9.68,3.33,13.69,31.11,5.82,2.06,Tree Frogs
8.94,9.23,3.35,11.94,29.22,5.72,1.72,Tree Frogs
10.38,11.1,3.06,14.83,32.92,6.41,1.99,Tree Frogs
8.29,8.4,2.96,12.9,27.22,5.01,2.13,Tree Frogs
9.5,9.6,2.77,14.21,31.22,5.37,2.32,Tree Frogs
11.51,9.87,3.24,17.01,37.3,6.51,2.39,Tree Frogs
11.42,10.85,3.32,17.23,33.85,6.63,1.84,Tree Frogs
11.58,10.7,4.13,17.06,38.08,7.42,2.43,Tree Frogs
10.6,10.57,3.66,16.35,36.72,7.41,2.07,Tree Frogs
12.15,12.99,3.76,19.61,43.46,8.12,2.87,Tree Frogs
14.23,13.77,4.51,23.23,45.33,8.25,3.86,Tree Frogs
6.69,7.57,2.26,12.73,24.47,4.26,2.06,Tree Frogs
6.73,7.91,2.92,12.4,25.07,4.63,1.71,Tree Frogs
7.81,7.91,2.6,12.5,25.18,4.28,1.38,Tree Frogs
7,7.12,2.56,10.54,23.35,4.54,1.9,Tree Frogs
5.97,6.84,2.38,11.28,21.56,4.6,1.85,Tree Frogs
5.78,6.36,2.43,10.83,22.89,4.43,1.54,Tree Frogs
6.28,7.13,2.57,9.61,23.88,4.47,1.83,Tree Frogs
7.07,8,2.19,11.58,23.81,4.48,1.83,Tree Frogs
7.04,8.33,2.2,11.46,23.24,4.52,1.85,Tree Frogs
6.3,6.45,2.44,11.04,22.61,4.28,1.87,Tree Frogs
6.04,6.78,2.19,10.18,22.11,4.24,1.44,Tree Frogs
6.36,6.84,2.24,9.87,23.37,4.61,1.43,Tree Frogs
6.67,7.76,2.27,10.35,23.19,4.62,2.22,Tree Frogs
6.12,6.67,2.22,9.89,22.33,4.51,2.03,Tree Frogs
7.54,8.62,2.86,13.8,25.51,5.11,1.72,Tree Frogs
7.68,8.71,3.14,13.85,25.23,5.56,1.65,Tree Frogs
7.7,8.78,2.9,13.16,24.88,5.48,1.84,Tree Frogs
7.35,7.18,2.81,11.11,23.22,4.87,1.96,Tree Frogs
7.87,7.85,2.69,12.05,24.83,4.96,2.51,Tree Frogs
6.8,7.52,2.27,9.94,21.25,4.49,2.16,Tree Frogs
7.79,8.51,2.4,13.76,26.2,5.16,2,Tree Frogs
7.15,7.83,2.67,12.43,24.68,4.6,1.92,Tree Frogs
7.39,8.36,2.82,12.72,26.19,3.99,1.77,Tree Frogs
6.89,7.97,2.4,12.89,27.6,4.39,2,Tree Frogs
7.72,8.51,2.22,13.05,26.99,4.52,2.25,Tree Frogs
11.98,11.06,4.13,18.11,37.43,7.5,2.4,Tree Frogs
13.14,12.74,4.24,19.09,38.27,8.03,2.8,Tree Frogs
9.91,9.88,3.49,16.59,30.29,6.43,1.93,Tree Frogs
6.81,7.63,2.57,10.76,25.62,4.1,1.88,Tree Frogs
7.08,7.78,2.41,11.61,27.56,4.96,1.8,Tree Frogs
7.95,8.31,2.45,12.28,27.59,4.95,1.75,Tree Frogs
7.01,7.48,2.3,12.09,25.52,4.52,1.73,Tree Frogs
7.06,7.81,2.7,11.91,25.46,4.25,1.78,Tree Frogs
12.48,13.44,4,19.45,41.88,6.96,2.95,Tree Frogs
12.46,11.07,3.53,16.12,43.71,6.71,2.59,Tree Frogs
10.64,11.4,3.58,16.62,33.09,6.83,3.05,Tree Frogs
12.98,13.03,3.42,17.7,43.76,8.01,3.04,Tree Frogs
11.31,10.86,3.38,16.57,33.73,7.09,2.72,Tree Frogs
12.14,12.35,4.1,19.35,37.14,7.09,3.16,Tree Frogs
11.29,11.44,3.62,15.51,33.78,6.93,2.49,Tree Frogs
19.61,25.63,6.1,24.58,76.06,16.31,2.02,Tree Frogs
18.94,24.59,5.58,23.54,70.33,15,2.33,Tree Frogs
19.52,28.47,5.73,23.73,70.49,15.31,2.21,Tree Frogs
21.16,27.73,6.17,27.83,80.51,16.86,2.35,Tree Frogs
18.11,25.37,5.5,23.4,71.41,14.25,2.21,Tree Frogs
10.44,11.61,4.62,11.94,28.61,5.61,2.59,Tree Frogs
10.71,11.84,4.28,15.33,33.73,7.6,2.78,Tree Frogs
11.82,12.39,4.75,14.28,35.71,7.55,2.91,Tree Frogs
13.39,13.86,3.82,18.29,38.22,7.11,2.67,Tree Frogs
12.58,12.32,3.63,19.8,37.25,8.13,3.28,Tree Frogs
8.62,9.73,2.69,12.69,33.79,5.32,2.03,Tree Frogs
8.33,9.35,2.35,12.06,28.73,5.3,2.59,Tree Frogs
8.1,8.56,2.34,12.21,28.42,4.93,1.65,Tree Frogs
8.45,8.62,2.48,10.79,27.75,5.26,1.94,Tree Frogs
8.17,8.73,2.81,11.19,27.93,5.35,2.15,Tree Frogs
16.29,13.88,4.25,19.96,38.88,8.74,3.7,Tree Frogs
11.4,10.38,2.97,14.62,29.93,6.52,3.13,Tree Frogs
8.32,8.1,1.76,10.21,21.59,4.9,2.23,Tree Frogs
8.58,7.83,1.91,10.52,22.33,4.86,1.87,Tree Frogs
11.88,13.5,3.7,17.3,37.88,7.45,3,Tree Frogs
11.38,11.48,3.78,15.58,34.87,6.88,2.72,Tree Frogs
13,13.16,4.26,18.3,37.52,6.61,2.82,Tree Frogs
12.31,11.6,3.85,17.37,33.32,6.58,2.28,Tree Frogs
13.79,13.85,4.04,17.23,40.42,7.36,2.61,Tree Frogs
16.34,17.12,4.83,22.17,44.52,8.6,3.64,Tree Frogs
18.97,17.17,4.62,26.76,52.03,8.1,3.51,Tree Frogs
16.05,16.88,5,22.84,42.75,8.26,3.39,Tree Frogs
16.55,16.21,4.94,21.18,42.92,8.95,3.49,Tree Frogs
16.33,17.9,4.04,20.61,43.28,8.09,3.04,Tree Frogs
12.36,13.64,3.98,17.38,37.8,7.72,2.54,Tree Frogs
11.34,11.18,3.87,13.01,34.04,6.85,2.85,Tree Frogs
11.55,11.67,3.71,16.27,33.67,6.36,2.65,Tree Frogs
11.47,11.07,4.01,15.98,35.97,6.19,2.77,Tree Frogs
10.35,10.5,3.4,13.88,32.89,6.64,2.64,Tree Frogs
9.19,9.69,3.72,14.13,28.95,6.17,1.28,Tree Frogs
9.13,10.7,3.16,14.45,31.17,6.48,2.4,Tree Frogs
10.61,10.74,2.96,14,29.94,6.61,2.19,Tree Frogs
9.03,10.62,3.76,13.87,31.16,6.62,2.19,Tree Frogs
11.45,12.42,4.24,18.73,41.76,6.79,2.73,Tree Frogs
14.19,13.04,3.9,16.93,40.12,6.72,2.35,Tree Frogs
16.46,15.17,4.66,20.04,43.24,8.63,2.87,Tree Frogs
13.88,14.56,4.71,17.96,43.63,7.43,3.23,Tree Frogs
15.46,14.94,4.59,18.21,42.91,8.19,2.93,Tree Frogs
18.1,17.74,4.64,26.41,61.43,11,3.74,Tree Frogs
16.44,17.04,4.56,27.8,52.87,8.73,3.43,Tree Frogs
17.86,18.05,4.42,25.82,57.07,10.48,4.05,Tree Frogs
11.56,10.98,3.35,17.23,36.89,6.85,2.56,Tree Frogs
12.42,12.1,3.28,18.46,39.92,6.89,2.33,Tree Frogs
12.03,12.41,3.55,17.87,40.65,6.35,2.45,Tree Frogs
11.08,10.42,3.3,15.87,35.67,5.71,2.03,Tree Frogs
8.98,9.24,2.7,12.39,31.23,4.94,1.7,Tree Frogs
10.34,10.95,2.77,13.77,31.29,4.78,1.72,Tree Frogs
9.19,10.28,2.91,13.03,32.19,5.05,2.27,Tree Frogs
9.28,10.11,2.92,14.62,32.38,4.74,1.6,Tree Frogs
10.48,10.09,2.7,11.35,30.61,5.12,1.75,Tree Frogs
8.82,8.91,2.38,12.52,27.59,5.01,1.76,Tree Frogs
9.79,9.94,2.93,13.61,28.96,4.91,1.54,Tree Frogs
7.8,8.14,2.85,12.59,27.2,5.3,1.3,Tree Frogs
10.19,10.25,3.19,15.64,32.53,5.26,1.92,Tree Frogs
9.69,9.53,3.49,15.21,30.4,4.78,2.26,Tree Frogs
19.6,19.18,5.08,27.2,53.25,9.45,3.02,Tree Frogs
18.77,19.73,4.37,24.41,50.54,10.18,3.13,Tree Frogs
19.32,19.44,5.73,24.88,53.43,11.21,4.07,Tree Frogs
18.2,19.05,5.42,27.16,55.08,9.52,3.19,Tree Frogs
13.8,12.27,4.05,20.74,41,6.64,3.1,Tree Frogs
12.32,11.52,3.28,17.91,37.45,6.6,2.94,Tree Frogs
12.71,10.77,3.36,20.02,39.64,6.64,2.76,Tree Frogs
12.44,12.34,3.6,17.37,41.08,6.67,2.77,Tree Frogs
11.95,11.22,3.63,19.38,36.95,6.16,2.44,Tree Frogs
15,14.4,4.12,20.47,45.91,7.87,2.47,Tree Frogs
9.99,9.29,2.81,13.43,28.92,5.56,1.89,Tree Frogs
10.62,10.86,3.18,15.27,34.88,6.42,2.12,Tree Frogs
11.05,12.21,3.55,16.51,31.91,6.09,3.28,Tree Frogs
11.69,11.42,2.87,16.43,32.99,5.97,2.08,Tree Frogs
11.42,11.54,3.23,15.37,32.62,5.98,2.67,Tree Frogs
14.51,13.76,4.45,19.56,42.45,8.41,2.73,Tree Frogs
15.97,14.62,4.52,20.77,47.58,8.38,3.02,Tree Frogs
17.88,16.1,5.34,24.34,49.19,8.35,3.67,Tree Frogs
10.06,11.08,2.98,13.44,32.92,5.22,1.83,Tree Frogs
10.9,12.04,3.15,15.78,34.35,5.5,2.27,Tree Frogs
10.68,10.25,3.12,15.88,34.11,5.18,2.02,Tree Frogs
9.96,11.33,3.18,13.63,33.32,4.91,1.87,Tree Frogs
11.3,10.81,2.95,16.24,34.95,5.3,1.9,Tree Frogs
14.99,16.18,4.32,24.09,52.21,9.05,2.62,Tree Frogs
12.86,14.63,4.33,23.84,43.66,7.52,3.11,Tree Frogs
12.35,13.56,3.81,22.89,44.65,8.49,3.09,Tree Frogs
17.5,20.79,5.66,32.45,55.55,10.01,4.63,Tree Frogs
17.02,21.84,6.11,31.5,60.23,10.05,4.58,Tree Frogs
15.53,18.75,4.99,29.79,53.48,9.89,4.35,Tree Frogs
16.71,19.59,5.25,30.7,57.8,10.12,4.68,Tree Frogs
16.47,15.72,4.98,24.52,48.45,8.7,3.08,Tree Frogs
14.43,14.34,5.37,20.24,38.32,8.13,2.67,Tree Frogs
15.52,15.16,4.88,23.92,44.77,8.89,3.16,Tree Frogs
39.48,42.89,11.02,65.52,104.26,24.15,6.34,Tree Frogs
38.81,41.95,10.18,57.03,103.68,21.42,8.05,Tree Frogs
38.84,39.6,9.29,57.08,99.62,21.78,6.39,Tree Frogs
36,37.49,9.06,55.97,96.72,19.71,5.7,Tree Frogs
34.5,36.74,8.74,52.78,101.79,20.8,5.33,Tree Frogs
15.38,17.09,4.77,24.77,49.47,8.03,3.12,Tree Frogs
16.56,18.57,4.42,25.58,50.79,9.7,3.4,Tree Frogs
15.2,17.95,5.2,26.18,49.83,9.16,2.6,Tree Frogs
15.23,17.19,5.18,26.27,46.74,8.82,2.82,Tree Frogs
15.72,17.76,5.98,28.55,51.35,8.58,3.25,Tree Frogs
14.09,13.51,3.8,20.42,37.74,8.48,2.44,Tree Frogs
14.78,13.91,3.8,21.26,39.7,8.27,2.99,Tree Frogs
14.15,14.03,3.85,19.3,37.82,8.14,2.51,Tree Frogs
32.77,32.32,7.7,46.36,85.38,17.41,5.55,Tree Frogs
32.54,32.88,8.89,48.99,82.85,17.47,5.47,Tree Frogs
35.42,33.85,7.92,48.98,91.86,18.69,5.94,Tree Frogs
35.49,32.99,7.1,54.04,98.52,19.41,6.12,Tree Frogs
20.93,20.55,5.92,26.97,56.76,11.56,3.26,Tree Frogs
18.28,18.68,5.09,26.8,50.63,10.4,3.36,Tree Frogs
18.75,19.01,5.08,27.68,51.91,11.29,3.24,Tree Frogs
22.61,18.1,6.54,34.29,64.36,12.11,4.07,Tree Frogs
25.84,21.79,6.98,40.96,69.26,13.93,5.08,Tree Frogs
24.42,19.29,6.76,36.93,68.98,12.21,4.46,Tree Frogs
22.73,19.94,5.62,37.07,59.78,12.85,4.09,Tree Frogs
21.36,16.71,5.42,31.6,59.56,10.47,4.57,Tree Frogs
16.38,20.29,5.88,25.64,53.86,10.31,3.66,Tree Frogs
19.27,21.96,6.03,32.5,58.47,10.46,4.13,Tree Frogs
17.81,21.28,6.33,28.14,54.18,10.42,4.08,Tree Frogs
17.82,21.44,6.21,29.72,54.98,10.34,4.15,Tree Frogs
17.34,20.54,5.43,26.95,51.45,9.99,4.03,Tree Frogs
10.84,11.66,3.44,16.74,31.24,6.19,1.99,Tree Frogs
11.05,11.81,3.55,16.03,31.73,5.88,2.09,Tree Frogs
11.17,11.8,3.71,16.72,32.7,6.12,2.21,Tree Frogs
21.51,21.03,6.21,31.2,59.37,13.26,3.51,Tree Frogs
21.85,22.94,5.75,32.2,60.91,12.69,4.4,Tree Frogs
19.54,21.52,5.29,30.6,60.28,10.97,4.36,Tree Frogs
20.15,21.2,5.47,32.66,58.3,12.41,4.47,Tree Frogs
18.94,19.05,5.2,27.48,56.22,10.43,3.29,Tree Frogs
20.58,21.76,5.33,30.98,60.64,12.47,3.04,Tree Frogs
11.5,12.12,3.61,16.33,34.62,5.68,2.28,Tree Frogs
10.45,10.55,3.41,14.58,31.69,5.77,2.44,Tree Frogs
14.2,15.48,4.88,21.86,45.8,7.5,2.53,Tree Frogs
12.17,13.17,4.74,16.73,37,7.1,3.39,Tree Frogs
10.83,11.81,3.4,16.79,33.88,5.7,1.51,Tree Frogs
12.11,12.03,3.44,18.82,35.52,5.22,2.19,Tree Frogs
11.94,11.89,3.38,19.05,36.91,5.01,2,Tree Frogs
11.37,12.21,3.33,19.74,36.93,5.31,2.61,Tree Frogs
11.03,11.95,3.43,19.08,34.15,5.75,1.77,Tree Frogs
22.13,24.06,6.55,34.95,69.99,12.41,4.77,Tree Frogs
20.09,22.81,5,35.04,55.84,11.31,4.08,Tree Frogs
17.22,21.21,6.03,31.52,61.51,10.43,3.73,Tree Frogs
20.58,22.02,6.03,30.42,61.25,11.68,4.57,Tree Frogs
25.77,26.04,6.7,43.31,82.05,14.9,5.29,Tree Frogs
25.35,26.67,7.76,43.59,80.55,14.3,4.55,Tree Frogs
25.11,29.94,7.03,44,81.44,15.16,5.45,Tree Frogs
16.38,17.94,4.86,25.35,49.27,9.9,3.49,Tree Frogs
16.76,21.53,5.37,29.29,59.32,11.91,3.79,Tree Frogs
12.29,12.97,4.46,18.91,41.77,6.91,1.91,Tree Frogs
14.3,14.7,3.98,20.21,42.78,7.77,2.3,Tree Frogs
8.84,10.38,3.04,14.67,30.17,5.3,2.35,Tree Frogs
8.8,10.09,3.22,13.04,30.19,5.7,2.78,Tree Frogs
7.59,9.65,2.69,13.23,28.81,4.72,2.36,Tree Frogs
9.68,9.65,3.03,13.47,31.88,6.07,1.91,Tree Frogs
8.38,9.71,3.43,13.43,29.47,5.16,1.84,Tree Frogs
8.52,9.72,3.16,15.17,31.03,5.49,2.26,Tree Frogs
8.17,10.52,3.07,15.11,31.27,5.72,2,Tree Frogs
8.99,9.98,3.21,15.81,32.85,5.9,2.36,Tree Frogs
9.87,10.68,3.04,17.16,34.16,5.5,1.93,Tree Frogs
9.22,8.88,2.89,13.08,25.85,5.04,2.67,Tree Frogs
8.05,8.11,2.82,11.66,23.75,4.42,1.98,Tree Frogs
7.47,7.25,2.3,9.56,21.03,4.13,1.25,Tree Frogs
12.75,13.85,4.56,19.17,39.13,7.37,2.82,Tree Frogs
11.89,12.91,4.46,16.32,39.82,7.22,2.61,Tree Frogs
13.22,14.85,4.76,19.27,42.87,7.88,2.3,Tree Frogs
14.77,15.58,4.35,19.05,41.25,8.88,3.13,Tree Frogs
16.59,16.47,4.73,23.97,47.31,9.04,2.7,Tree Frogs
14.52,14.61,5.69,22.42,45.89,8.76,3.27,Tree Frogs
13.32,11.95,4.03,19.34,35.82,7.35,2.56,Tree Frogs
12.39,13.25,4.48,18.31,35.77,7.37,2.57,Tree Frogs
17.91,17.96,5.81,28.7,55.32,11.06,3.66,Tree Frogs
17.72,17.27,5.35,23.84,51.27,11.47,3.13,Tree Frogs
16.67,17.39,5.28,26.46,49.94,10.01,3.08,Tree Frogs
19.66,19.1,6.39,25.51,54.95,12.22,3.55,Tree Frogs
19.73,20,6.51,31.55,61.41,12.37,4.1,Tree Frogs
19.85,20.86,7.04,30.13,61.45,13.41,4.49,Tree Frogs
16.94,17.29,5.28,25.92,49.85,11.63,3.77,Tree Frogs
15.74,16.84,5.23,22.97,48.28,10.65,3.56,Tree Frogs
18.02,18.77,4.86,23.84,51.08,9.99,2.87,Tree Frogs
19.02,20.05,5.76,25.98,51.93,11.42,2.8,Tree Frogs
18.59,19.26,4.51,25.99,54.88,10.3,3.12,Tree Frogs
17.39,17.28,5.22,24.23,48.22,10.84,2.77,Tree Frogs
17.72,17.52,4.97,26.08,49.02,11.04,3.33,Tree Frogs
18.5,18.92,5.83,24.35,50.18,11.14,3.44,Tree Frogs
21.1,22.36,6.85,31.84,66.21,13.51,4.52,Tree Frogs
25.95,25.38,7.88,38.38,80.11,16.37,5.5,Tree Frogs
23.26,24.51,6.84,39.36,73.67,15.68,4.94,Tree Frogs
24.31,25.13,7.08,42.05,78.08,14.99,4.78,Tree Frogs
25.09,25.18,6.3,38.79,75.88,16.58,4.58,Tree Frogs
22.67,22.92,5.55,34.67,71.75,14.92,3.88,Tree Frogs
17.97,18.11,4.34,26.77,52.63,10.04,3.89,Tree Frogs
17.62,17.22,4.57,24.48,48.72,9.41,3.98,Tree Frogs
21.81,21.69,5.5,29.61,60.28,12.61,3.23,Tree Frogs
18.96,18.95,5.09,26.72,50.94,10.03,4.15,Tree Frogs
18.74,18.93,6.11,29.32,57.01,11.31,4.16,Tree Frogs
19.49,20.28,6.24,30.75,59.56,11.75,3.9,Tree Frogs
19.2,19.35,6.17,30.28,60.57,11.19,3.85,Tree Frogs
21.16,22.67,4.85,36.41,68.27,13.49,4.03,Tree Frogs
23.62,22.53,5.3,33.02,68.68,13.8,4.37,Tree Frogs
29.19,29.13,NA,NA,88.52,15.63,5.75,Tree Frogs
25.22,25.72,5.98,35.54,80.08,14.52,5.75,Tree Frogs
23.32,24.25,6.06,32.54,69.52,14.11,4.36,Tree Frogs
26.85,27.75,5.79,37.79,77.26,14.61,4.49,Tree Frogs
39.39,37.43,11.63,52.23,124.07,23.91,9.18,Tree Frogs
36.89,33.26,9.29,53.88,113.04,21.49,9.25,Tree Frogs
39.26,35.19,10.43,49.61,120.61,22.97,8.85,Tree Frogs
9.34,8.93,2.62,12.54,24.27,4.75,2.04,Tree Frogs
9.31,9.03,2.85,11.51,25.52,5.05,2.25,Tree Frogs
10.05,9.3,3.23,12.05,26.43,5.31,1.84,Tree Frogs
9.42,8.65,2.73,11.51,26.15,4.74,2.09,Tree Frogs
10.09,8.91,2.82,12.52,24.92,5.17,2.08,Tree Frogs
10.59,12.97,4.29,16.75,34.01,7.7,2.58,Tree Frogs
12.03,14,4.32,15.64,34.14,6.51,2.27,Tree Frogs
12.18,11.55,4.51,15.36,32.82,7.29,2.61,Tree Frogs
11.33,11.6,4.06,16.54,32.58,7,2.83,Tree Frogs
12.01,12.83,4.25,16.58,34.74,7.41,2.85,Tree Frogs
17.65,18.52,5.2,20.12,41.75,10.17,3.97,Tree Frogs
19.14,15.61,4.08,17.54,38.25,8.72,3.81,Tree Frogs
17.78,16.89,4.88,17.97,37.03,9.7,3.78,Tree Frogs
18.99,17.4,4.1,20.31,38.13,8.69,4.32,Tree Frogs
19.62,16.04,4.81,17.21,38.94,8.89,4.03,Tree Frogs
13.58,13.73,3.92,19.25,43.92,6.47,2.45,Tree Frogs
12.94,12.57,3.51,18.39,43.14,6.36,2.11,Tree Frogs
14.29,13.3,3.83,19.61,45.18,6.44,2.72,Tree Frogs
14.5,13.8,3.37,19.09,45.12,6.68,2.66,Tree Frogs
13.63,13.01,3.85,18.36,43.34,6.68,2.29,Tree Frogs
14.52,14.44,3.98,25.54,46.5,6.8,2.45,Tree Frogs
14,13.97,3.99,24.82,43.41,6.39,2.95,Tree Frogs
13.41,13.98,3.89,20,39.13,6.27,2.59,Tree Frogs
13.63,13.53,3.78,18.75,34.89,5.78,2.08,Tree Frogs
14.21,15.03,4.48,22.92,37.25,6.57,2.15,Tree Frogs
12.93,13.25,3.92,19.26,29.07,5.65,2.41,Tree Frogs
11.55,12.7,3.52,18.15,27.72,5.98,2.22,Tree Frogs
16.72,15.24,4.99,21.05,43.81,9.57,3.51,Tree Frogs
15.75,15.15,5.08,20.88,43.08,8.57,3.65,Tree Frogs
19.74,18.81,5.93,28,54.51,11.78,4.94,Tree Frogs
7.89,8.82,3.1,11.19,27.74,4.19,1.33,Tree Frogs
7.97,8.7,2.4,12.02,26.47,4.24,1.65,Tree Frogs
7.4,8.49,2.7,11.37,26.4,3.93,1.35,Tree Frogs
8.74,9.33,2.96,13.85,31.47,4.9,1.98,Tree Frogs
8.31,9.22,2.65,13.81,30.54,4.26,1.73,Tree Frogs
7.06,8.7,2.98,11.24,28.06,3.39,1.03,Tree Frogs
6.77,8.62,2.59,11.31,28.86,3.5,1.14,Tree Frogs
6.87,8.92,2.7,11.71,27.8,4.04,0.98,Tree Frogs
6.8,9.17,2.22,11.27,28.09,3.86,1.08,Tree Frogs
13,14.06,4.3,16.44,40.01,5.42,2.08,Tree Frogs
9.94,12.18,3.16,13.42,32.13,4.69,1.8,Tree Frogs
12.46,13.98,3.74,18.52,32.33,5.07,1.93,Tree Frogs
10.43,11.32,3.75,15.59,33.67,4.49,1.52,Tree Frogs
6.84,9.07,2.47,12.07,30.15,3.57,1.13,Tree Frogs
6.79,8.47,2.18,11.67,25.67,2.87,0.99,Tree Frogs
6.68,8.57,2.34,11.25,26.55,3.34,0.99,Tree Frogs
6.36,7.88,2.23,11.71,27.3,3.39,1.22,Tree Frogs
7.23,8.93,2.27,11.33,28.31,3.53,0.97,Tree Frogs
8.42,9.76,2.99,12.74,29.15,4.34,1.33,Tree Frogs
8.13,9.23,2.9,12.11,29.86,4.11,1.5,Tree Frogs
7.68,8.45,2.8,12.06,27.99,4.32,1.4,Tree Frogs
7.72,8.99,2.57,11.15,27.97,4.11,1.4,Tree Frogs
7.26,8.6,2.82,11.64,29.09,4.25,1.13,Tree Frogs
6.7,9.29,2.87,11.52,26.99,3.09,1.34,Tree Frogs
6.79,8.87,2.67,10.98,26.08,3.29,1.39,Tree Frogs
6.69,9.2,2.72,11.23,25.81,3.36,1.1,Tree Frogs
6.85,9.1,2.78,11.69,25.72,3.05,1.21,Tree Frogs
6.71,8.85,2.6,10.85,25.25,3.43,1.26,Tree Frogs
3.48,5.52,1.61,5.91,14.74,2.02,0.74,Tree Frogs
3.49,5.21,1.79,6,13.84,2.08,0.73,Tree Frogs
2.99,4.91,1.7,5.23,13.14,1.33,0.67,Tree Frogs
3.53,4.25,1.56,6.22,13.81,1.73,0.77,Tree Frogs
3.15,4.39,1.41,6.35,14.23,1.76,0.8,Tree Frogs
8.66,9.63,3.35,12.75,29.35,3.76,1.34,Tree Frogs
8.49,9.97,3.36,13.87,31.62,3.52,1.63,Tree Frogs
9.64,11.64,3.39,14.4,32.61,3.68,1.82,Tree Frogs
8.74,9.87,3.16,12.42,28.6,3.39,1.27,Tree Frogs
8.91,10.21,3.23,12.72,28.11,3.56,1.2,Tree Frogs
10.79,11.89,4.04,15.72,34.28,4.46,1.82,Tree Frogs
11.23,12.95,3.59,16.99,35.7,5.82,2.02,Tree Frogs
10.69,12.08,3.39,15.81,34.33,5.67,2.22,Tree Frogs
9.86,12.17,3,15.68,33.53,5.56,1.76,Tree Frogs
12.02,12.72,3.95,15.61,39.61,5.35,1.87,Tree Frogs
11.68,11.35,3.68,13.6,35.12,5.81,2.83,Tree Frogs
11.89,11.01,3.64,12.56,36.43,4.89,2.3,Tree Frogs
13.09,12.48,3.99,13.92,40.62,5.88,2.57,Tree Frogs
11.92,11.29,4.14,13.59,37.22,5.08,2.12,Tree Frogs
11.08,10.98,3.72,14.33,33.16,4.9,2.63,Tree Frogs
6.99,7.83,2.35,8.82,25.37,3.91,1.74,Tree Frogs
6.95,8.01,2.09,10.21,27.95,3.86,1.87,Tree Frogs
6.42,7.58,2,9.07,24.7,3.79,2.2,Tree Frogs
6.52,7.61,2.29,9.23,25.64,3.09,1.39,Tree Frogs
6.32,7.57,2.53,9.46,26.66,3.08,1.31,Tree Frogs
10.08,13.01,3.09,18.84,38.37,3.41,0.88,Tree Frogs
11.42,15.26,3.98,23.36,43.91,4.06,0.84,Tree Frogs
11.39,12.7,3.79,25.93,40.11,4.58,1.27,Tree Frogs
9.48,12.11,3.68,20.79,32.85,3.95,0.72,Tree Frogs
10.12,14.07,3.09,22.22,41.28,4.48,0.74,Tree Frogs
11.77,15.44,4.1,26.3,42.3,2.55,1.06,Tree Frogs
11.3,13.58,4.08,27.81,40.39,3.52,1.06,Tree Frogs
10.52,14.28,4.6,26.87,40.14,3.9,1.04,Tree Frogs
12.42,14.54,4.05,27.25,39.56,3.8,1.25,Tree Frogs
12.51,16.78,4.18,26.5,44.51,3.1,1.17,Tree Frogs
9.87,10.47,3.26,14.59,31.7,5.69,1.72,Tree Frogs
8.66,9.98,3.08,12.84,30.78,5.09,1.79,Tree Frogs
11.79,12.27,3.43,19.13,34.72,6.02,2.07,Tree Frogs
8.53,9.78,3.36,14.22,29.77,4.76,1.74,Tree Frogs
9.22,9.67,3.43,15.36,27.73,4.79,1.4,Tree Frogs
9.74,10.37,3.15,13.63,32.58,5.89,1.37,Tree Frogs
11.57,12.68,3.41,17.02,38.61,6.21,2.14,Tree Frogs
9.2,10.24,2.99,14.43,29.94,5.1,1.52,Tree Frogs
10.4,10.3,3.35,14.33,33.74,5.53,2.03,Tree Frogs
10.48,11.02,3.38,14.18,32.88,5.51,1.75,Tree Frogs
10.88,13.02,3.56,19.25,39.32,6.26,1.79,Tree Frogs
9.47,10.95,3.35,16.44,31.76,5.59,1.87,Tree Frogs
10.71,11.77,3.87,14.91,32.26,6.25,1.94,Tree Frogs
9.37,10.24,3.34,12.45,31.11,5.47,1.51,Tree Frogs
9.69,10.31,3.2,13.83,30.74,5.7,1.89,Tree Frogs
12.23,14.58,3.67,20.15,40.54,6.46,1.57,Tree Frogs
12.21,13.95,3.93,20.12,37.2,6.35,2.08,Tree Frogs
12.33,14.74,3,20.44,39.73,6.2,1.46,Tree Frogs
11.23,13.16,3.76,15.42,35.29,4.76,1.56,Tree Frogs
10.94,16.33,4.58,20.63,41.39,5.88,1.1,Tree Frogs
13.97,17.54,4.07,19.9,44.29,7.16,1.41,Tree Frogs
14.87,18.71,4.4,26.07,48.7,7.26,1.67,Tree Frogs
13.55,16.72,4.32,19.57,44.72,6.81,1.93,Tree Frogs
12.41,15.46,4.3,19.55,43.22,7.15,1.27,Tree Frogs
13.41,16.72,4.16,20.4,45.84,7.43,1.56,Tree Frogs
7.82,9.41,2.87,13.49,26.46,3.32,0.94,Tree Frogs
7.11,9.29,2.8,12.91,24.39,3.57,1.15,Tree Frogs
7.58,9.3,2.7,13.35,24.55,2.8,1.22,Tree Frogs
7.16,9.12,2.87,13.36,25.45,3.96,1.14,Tree Frogs
7.44,9.89,2.77,13.17,24.38,3.84,1.03,Tree Frogs
8.28,10.48,2.99,12.79,29.61,4.51,0.95,Tree Frogs
8.04,10.95,2.85,12.71,27.78,4.53,1.4,Tree Frogs
8.82,11.8,3.35,12.47,30.02,4.44,1.86,Tree Frogs
8.31,10.36,3.18,11.72,27.18,4.25,0.92,Tree Frogs
7.83,9.98,3.11,10.44,27.28,4.54,1.53,Tree Frogs
10.89,11.34,3.17,16.23,34.89,6.48,2.49,Tree Frogs
10.23,12.04,3.23,14.89,33.95,5.52,1.35,Tree Frogs
10.57,13.21,3.25,15.21,36.25,5.49,1.25,Tree Frogs
9.69,11.29,4.03,14.49,33.75,5.72,1.33,Tree Frogs
11.37,13.51,3.43,17.61,35.29,6.38,1.69,Tree Frogs
9.92,11.52,3.12,13.53,32.02,5.07,1.43,Tree Frogs
8.65,10.03,3.47,13.66,29.72,5.95,2.24,Tree Frogs
9.77,10.48,3.14,14,30.74,6.81,1.94,Tree Frogs
9.42,10.47,3.34,14.18,31.22,6.34,2.19,Tree Frogs
10.24,12.69,3.32,16.62,38.05,5.97,1.46,Tree Frogs
11.69,12.84,3.64,20.66,38.25,5.82,1.38,Tree Frogs
9.82,12.3,3.06,18.11,34.42,5.04,1.5,Tree Frogs
11.05,13.93,3.42,21.5,37.74,6.27,1.47,Tree Frogs
11.47,13.84,3.6,17.11,39.91,5.3,1.83,Tree Frogs
14.29,17.2,3.55,21.77,45.75,8.16,3.34,Tree Frogs
14.63,15.99,3.98,20.53,43.27,8.74,3.12,Tree Frogs
14.59,15.96,3.46,22.78,44.72,8.56,3.68,Tree Frogs
10.22,11.22,3.37,13.99,32.05,6.63,2.13,Tree Frogs
9.55,10.68,3.49,13.41,31.07,6.35,2.03,Tree Frogs
10,10.34,4.02,14.77,31.95,6.65,2.53,Tree Frogs
16.99,18.18,5.11,27.37,50.69,6.98,1.62,Tree Frogs
15.6,17.1,4.26,26.43,48.58,7.15,1.88,Tree Frogs
16.8,17.79,5.08,23.19,51.15,7.77,1.98,Tree Frogs
17.95,19.06,5.33,25.79,52.95,7.47,1.92,Tree Frogs
16.84,19.58,4.64,25.24,45.63,7.91,2.21,Tree Frogs
16.32,18.35,5.02,26.46,52.67,7.79,1.82,Tree Frogs
14.34,16.56,4.55,23.5,48.54,7.33,1.59,Tree Frogs
14.66,16.64,4.33,25.12,46.42,7.83,1.13,Tree Frogs
14.81,15.68,4.12,24.3,47.06,7.29,1.64,Tree Frogs
15.25,17.07,4.76,24.33,47.9,7.68,1.81,Tree Frogs
17.1,16.78,4.35,22.67,56.7,6.94,2.07,Tree Frogs
20.92,19.85,4.69,25.79,59.17,8.81,3.01,Tree Frogs
17.95,18.14,4.44,21.38,57.34,7.93,1.75,Tree Frogs
22.83,21.1,5.14,26.33,67.14,8.45,2.76,Tree Frogs
17.93,16.89,4.39,19.78,55.04,7.41,1.98,Tree Frogs
23.32,25.34,6.74,40.2,72.02,11.87,2.81,Tree Frogs
18.6,20.09,5.55,33.54,61.72,9.46,2.02,Tree Frogs
20.91,22.95,6.02,34.21,65.17,10.55,2.8,Tree Frogs
21.26,23.56,6.1,39.68,69.37,10.52,1.86,Tree Frogs
20.42,23.75,5.99,33.08,64.84,10.37,2.62,Tree Frogs
10.71,12.84,3.74,15.43,34.7,4.93,1.09,Tree Frogs
12.89,15.58,3.9,19.21,42.76,6.14,1.34,Tree Frogs
11.57,13.62,3.87,16.99,39.44,5.48,1.39,Tree Frogs
10.94,12.37,3.77,14.34,36.05,5.05,1.27,Tree Frogs
10.47,12.81,3.12,15.76,34.17,5.27,1.15,Tree Frogs
17.71,18.06,5.69,30.4,55.23,9.2,1.91,Tree Frogs
17.08,18.92,5.29,26.17,57.25,8.74,2.13,Tree Frogs
14.85,16.94,5.16,22.17,45.52,7.14,1.71,Tree Frogs
18.38,20.64,5.29,31.06,56.3,8.28,2.37,Tree Frogs
17.84,19.51,5.27,26.02,55.63,9.17,2.19,Tree Frogs
15.54,19.52,5.09,26.68,52.49,7.35,1.55,Tree Frogs
15.27,17.99,4.66,26.29,51.88,7.86,1.85,Tree Frogs
17.82,20.87,5.92,28.85,59.96,8.83,2.09,Tree Frogs
15.99,17.88,4.89,27.41,52.19,7.71,1.7,Tree Frogs
13.39,14.74,4.21,20.73,44.31,6.47,1.27,Tree Frogs
7.18,8,2.68,14.6,24.52,3.88,0.78,Tree Frogs
7.88,8.19,2.88,14.93,29.67,4.58,0.75,Tree Frogs
7.29,7.6,2.41,13.12,21.91,3.61,0.76,Tree Frogs
11.2,13.11,3.49,16.93,37.08,6.2,2.35,Tree Frogs
12.25,11.67,3.16,16.26,37.13,6.51,2.3,Tree Frogs
11.84,10.77,3.21,16.49,36.77,7.04,2.58,Tree Frogs
11.85,10.49,3.1,17.4,37.45,5.9,2.42,Tree Frogs
11.86,11.18,3.59,18.79,37.92,6.91,2.16,Tree Frogs
13.98,14.57,3.69,20.33,39.48,7.98,2.65,Tree Frogs
13.45,13.42,3.87,19.96,38.83,8.73,2.76,Tree Frogs
12.39,11.2,3.03,16.79,40.54,7.78,3.04,Tree Frogs
14.26,13.13,3.44,19.06,37.12,8.63,2.94,Tree Frogs
11.84,11.17,3.39,15.09,36.35,7.35,2.49,Tree Frogs
6.77,7.24,2.46,9.8,21.22,4.22,2.02,Tree Frogs
6.38,7.1,2.35,9.66,20.35,3.89,1.58,Tree Frogs
7.09,7.01,2.62,10.39,21.9,4,1.52,Tree Frogs
6.55,6.72,2.3,10.2,20.49,3.42,1.83,Tree Frogs
6.67,7.07,2.15,11.09,21.2,4.42,1.68,Tree Frogs
5.68,6.45,1.63,8.57,21.12,3.7,1.52,Tree Frogs
4.91,6.35,2.27,7.2,16.68,2.97,1.4,Tree Frogs
5.71,6.46,2.05,8.79,19.63,3.37,2.3,Tree Frogs
9.14,9.92,2.17,13.57,28.66,5.35,2.47,Tree Frogs
8.04,9.28,2.42,12.84,26.18,4.82,1.85,Tree Frogs
8.62,9,2.56,14,28.99,5.65,2.14,Tree Frogs
8.37,8.58,2.5,10.85,25.67,4.63,1.86,Tree Frogs
21.6,20.04,5.77,28.51,63.66,13.14,4.82,Tree Frogs
22.86,20.5,4.97,31.92,60.12,13.12,4.21,Tree Frogs
18.44,16.98,5.23,25.94,55.85,10.85,3.73,Tree Frogs
19.35,21.95,5.04,28.89,62.19,12.24,3.91,Tree Frogs
20.94,20.34,5.6,29.25,66.74,11.86,3.82,Tree Frogs
18.16,18.41,5.94,26.35,60.14,9.89,2.19,Tree Frogs
18.08,17.14,4.86,26.09,57.37,10.44,3.89,Tree Frogs
21.38,22.21,5.65,26.08,64.29,11.1,2.62,Tree Frogs
25.5,25.49,5.95,35.04,75.73,12.15,4.54,Tree Frogs
24.14,22.78,6.25,33.6,70.58,12.73,3.88,Tree Frogs
23.48,22.93,5.14,33.06,68.21,13.15,4.05,Tree Frogs
21.9,24.65,8.65,30.09,70.2,13.91,5.25,Tree Frogs
22.18,22.52,4.76,28.82,66.99,13.94,4.98,Tree Frogs
22.63,22.82,6.14,28.82,67.63,13.76,5.17,Tree Frogs
24.09,23.78,5.63,31.19,68.24,13.74,4.97,Tree Frogs
26.07,25.81,7.88,37.44,85.84,15.23,5.42,Tree Frogs
24.15,22.87,5.99,32.71,72.77,14.47,5.16,Tree Frogs
23.14,22.17,6.22,34.41,73.82,15.1,5.27,Tree Frogs
20.3,26.17,5.02,23.5,52.93,14.73,1.24,Tree Frogs
17.86,27.53,5.99,27.26,56.46,14.36,1.26,Tree Frogs
20.11,29.39,6.17,32.61,61.3,15.91,0.95,Tree Frogs
20.84,25.34,6.26,27.92,58.13,15.22,1.08,Tree Frogs
16.82,24.42,5.5,25.53,53.69,13.63,1.25,Tree Frogs
